INSERT INTO company (id,name,inn,created_at) VALUES
    (1,'ООО БлинТранс','1600000001','2026-02-01 10:00:00+03'),
    (2,'АО ПельменьЭкспресс','0200000002','2026-02-01 10:05:00+03'),
    (3,'ИП БорщБас','7700000003','2026-02-01 10:10:00+03'),
    (4,'ООО ШаурмаЛайн','6300000004','2026-02-01 10:15:00+03'),
    (5,'ООО СушиПоворот','6900000005','2026-02-01 10:20:00+03');
INSERT INTO stop (id,name,city,address) VALUES
    (1,'Блиноград Автостанция Масляная','Блиноград','ул Масляная 7'),
    (2,'Пельмешкино Остановка Тестовая','Пельмешкино','пл Сливочная 1'),
    (3,'Борщевск Вокзал Свекольный','Борщевск','пр Свекольный 12'),
    (4,'Шаурмск Автовокзал Лавашный','Шаурмск','ул Лавашная 9'),
    (5,'Сушивиль Пункт Рисовый','Сушивиль','ул Рисовая 3'),
    (6,'Котлетино Остановка Панировочная','Котлетино','ул Хрустящая 5'),
    (7,'Сыроград Станция Пармезан','Сыроград','ул Сырная 2'),
    (8,'Пирожково Автостанция Начинка','Пирожково','ул Начиночная 18'),
    (9,'Компотово Остановка Ягодная','Компотово','ул Ягодная 4'),
    (10,'Макаронск Вокзал АльДенте','Макаронск','ул Итальянская 1'),
    (11,'Кофейняево Платформа Эспрессо','Кофейняево','пер Бодрящий 8'),
    (12,'Тортино Автостанция Кремовая','Тортино','ул Кремовая 11');
INSERT INTO route (id,company_id,route_number,name,is_active,created_at) VALUES
    (1,1,'BLN-101','Блиноград Пельмешкино Борщевск Шаурмск',TRUE,'2026-02-02 09:00:00+03'),
    (2,2,'PLM-202','Пельмешкино Компотово Сушивиль',TRUE,'2026-02-02 09:05:00+03'),
    (3,3,'BRH-303','Борщевск Котлетино Макаронск Тортино',TRUE,'2026-02-02 09:10:00+03'),
    (4,4,'SHR-404','Шаурмск Кофейняево Тортино',TRUE,'2026-02-02 09:15:00+03'),
    (5,5,'SUS-505','Сушивиль Сыроград Пирожково Блиноград',TRUE,'2026-02-02 09:20:00+03');
INSERT INTO route_stop (id,route_id,seq,stop_id,dwell_min) VALUES
    (1,1,1,1,10),
    (2,1,2,2,5),
    (3,1,3,3,5),
    (4,1,4,4,0),
    (5,2,1,2,10),
    (6,2,2,9,5),
    (7,2,3,5,0),
    (8,3,1,3,10),
    (9,3,2,6,5),
    (10,3,3,10,5),
    (11,3,4,12,0),
    (12,4,1,4,10),
    (13,4,2,11,5),
    (14,4,3,12,0),
    (15,5,1,5,10),
    (16,5,2,7,5),
    (17,5,3,8,5),
    (18,5,4,1,0);
INSERT INTO route_fare (id,route_id,from_route_stop_id,to_route_stop_id,price) VALUES
    (1,1,1,2,199.00),
    (2,1,1,3,399.00),
    (3,1,1,4,599.00),
    (4,1,2,3,149.00),
    (5,1,2,4,429.00),
    (6,1,3,4,239.00),
    (7,2,5,6,169.00),
    (8,2,5,7,389.00),
    (9,2,6,7,249.00),
    (10,3,8,9,129.00),
    (11,3,8,10,299.00),
    (12,3,8,11,499.00),
    (13,3,9,10,139.00),
    (14,3,9,11,359.00),
    (15,3,10,11,189.00),
    (16,4,12,13,199.00),
    (17,4,12,14,449.00),
    (18,4,13,14,279.00),
    (19,5,15,16,159.00),
    (20,5,15,17,349.00),
    (21,5,15,18,459.00),
    (22,5,16,17,199.00),
    (23,5,16,18,329.00),
    (24,5,17,18,149.00);
INSERT INTO trip (id,route_id,departure_at,capacity,status,created_at) VALUES
    (1,1,'2026-03-10 08:00:00+03',45,'scheduled','2026-03-01 12:00:00+03'),
    (2,1,'2026-03-11 08:00:00+03',45,'scheduled','2026-03-01 12:05:00+03'),
    (3,2,'2026-03-10 09:30:00+03',35,'scheduled','2026-03-01 12:10:00+03'),
    (4,2,'2026-03-12 09:30:00+03',35,'scheduled','2026-03-01 12:12:00+03'),
    (5,3,'2026-03-10 07:15:00+03',40,'scheduled','2026-03-01 12:15:00+03'),
    (6,4,'2026-03-10 06:20:00+03',30,'scheduled','2026-03-01 12:18:00+03'),
    (7,5,'2026-03-10 10:10:00+03',38,'scheduled','2026-03-01 12:20:00+03'),
    (8,5,'2026-03-11 10:10:00+03',38,'scheduled','2026-03-01 12:22:00+03');
INSERT INTO trip_stop_time (id,trip_id,route_stop_id,arrival_at,departure_at) VALUES
    (1,1,1,NULL,'2026-03-10 08:00:00+03'),
    (2,1,2,'2026-03-10 08:35:00+03','2026-03-10 08:40:00+03'),
    (3,1,3,'2026-03-10 09:30:00+03','2026-03-10 09:35:00+03'),
    (4,1,4,'2026-03-10 10:40:00+03',NULL),
    (5,2,1,NULL,'2026-03-11 08:00:00+03'),
    (6,2,2,'2026-03-11 08:40:00+03','2026-03-11 08:45:00+03'),
    (7,2,3,'2026-03-11 09:35:00+03','2026-03-11 09:40:00+03'),
    (8,2,4,'2026-03-11 10:50:00+03',NULL),
    (9,3,5,NULL,'2026-03-10 09:30:00+03'),
    (10,3,6,'2026-03-10 10:10:00+03','2026-03-10 10:15:00+03'),
    (11,3,7,'2026-03-10 11:10:00+03',NULL),
    (12,4,5,NULL,'2026-03-12 09:30:00+03'),
    (13,4,6,'2026-03-12 10:15:00+03','2026-03-12 10:20:00+03'),
    (14,4,7,'2026-03-12 11:20:00+03',NULL),
    (15,5,8,NULL,'2026-03-10 07:15:00+03'),
    (16,5,9,'2026-03-10 07:55:00+03','2026-03-10 08:00:00+03'),
    (17,5,10,'2026-03-10 08:50:00+03','2026-03-10 08:55:00+03'),
    (18,5,11,'2026-03-10 09:40:00+03',NULL),
    (19,6,12,NULL,'2026-03-10 06:20:00+03'),
    (20,6,13,'2026-03-10 07:05:00+03','2026-03-10 07:10:00+03'),
    (21,6,14,'2026-03-10 08:10:00+03',NULL),
    (22,7,15,NULL,'2026-03-10 10:10:00+03'),
    (23,7,16,'2026-03-10 10:40:00+03','2026-03-10 10:45:00+03'),
    (24,7,17,'2026-03-10 11:30:00+03','2026-03-10 11:35:00+03'),
    (25,7,18,'2026-03-10 12:15:00+03',NULL),
    (26,8,15,NULL,'2026-03-11 10:10:00+03'),
    (27,8,16,'2026-03-11 10:45:00+03','2026-03-11 10:50:00+03'),
    (28,8,17,'2026-03-11 11:40:00+03','2026-03-11 11:45:00+03'),
    (29,8,18,'2026-03-11 12:30:00+03',NULL);
INSERT INTO client (id,full_name,email,phone,address,is_deleted,created_at) VALUES
    (1,'Салат Оливье Петрович','olivie@food.example','+7-900-100-00-01','Блиноград ул Огуречная 1',FALSE,'2026-03-01 09:00:00+03'),
    (2,'Суп Лапшичный Иванович','noodle@food.example','+7-900-100-00-02','Пельмешкино ул Бульонная 2',FALSE,'2026-03-01 09:05:00+03'),
    (3,'Торт Шоколадовна','cake@food.example','+7-900-100-00-03','Тортино ул Кремовая 3',FALSE,'2026-03-01 09:10:00+03'),
    (4,'Пицца Маргарита Сергеевна','pizza@food.example','+7-900-100-00-04','Макаронск ул Сырная 4',FALSE,'2026-03-01 09:15:00+03'),
    (5,'Бургер Двойной Олегович','burger@food.example','+7-900-100-00-05','Шаурмск ул Соусная 5',FALSE,'2026-03-01 09:20:00+03'),
    (6,'Компот Ягодович','compote@food.example','+7-900-100-00-06','Компотово ул Ягодная 6',FALSE,'2026-03-01 09:25:00+03');
INSERT INTO orders (id,client_id,trip_id,from_route_stop_id,to_route_stop_id,price,status,payment_status,created_at,paid_at,canceled_at,canceled_reason) VALUES
    (1,1,1,1,4,599.00,'paid','paid','2026-03-05 10:00:00+03','2026-03-05 10:01:00+03',NULL,NULL),
    (2,2,1,2,4,429.00,'paid','paid','2026-03-05 10:02:00+03','2026-03-05 10:03:00+03',NULL,NULL),
    (3,3,1,1,3,399.00,'paid','paid','2026-03-05 10:04:00+03','2026-03-05 10:05:00+03',NULL,NULL),
    (4,4,1,1,2,199.00,'created','pending','2026-03-05 10:06:00+03',NULL,NULL,NULL),
    (5,2,3,5,7,389.00,'paid','paid','2026-03-06 11:00:00+03','2026-03-06 11:01:00+03',NULL,NULL),
    (6,6,3,6,7,249.00,'canceled','failed','2026-03-06 11:02:00+03',NULL,'2026-03-06 11:05:00+03','Недостаточно средств'),
    (7,1,5,8,11,499.00,'paid','paid','2026-03-07 08:10:00+03','2026-03-07 08:11:00+03',NULL,NULL),
    (8,4,5,9,11,359.00,'paid','paid','2026-03-07 08:12:00+03','2026-03-07 08:13:00+03',NULL,NULL),
    (9,5,6,12,14,449.00,'paid','paid','2026-03-07 09:00:00+03','2026-03-07 09:01:00+03',NULL,NULL),
    (10,3,6,13,14,279.00,'created','pending','2026-03-07 09:05:00+03',NULL,NULL,NULL),
    (11,2,7,15,18,459.00,'paid','paid','2026-03-08 12:00:00+03','2026-03-08 12:01:00+03',NULL,NULL),
    (12,6,7,16,18,329.00,'paid','paid','2026-03-08 12:02:00+03','2026-03-08 12:03:00+03',NULL,NULL);

SELECT setval('company_id_seq', COALESCE((SELECT MAX(id) FROM company), 1), true);
SELECT setval('stop_id_seq', COALESCE((SELECT MAX(id) FROM stop), 1), true);
SELECT setval('route_id_seq', COALESCE((SELECT MAX(id) FROM route), 1), true);
SELECT setval('route_stop_id_seq', COALESCE((SELECT MAX(id) FROM route_stop), 1), true);
SELECT setval('route_fare_id_seq', COALESCE((SELECT MAX(id) FROM route_fare), 1), true);
SELECT setval('trip_id_seq', COALESCE((SELECT MAX(id) FROM trip), 1), true);
SELECT setval('trip_stop_time_id_seq', COALESCE((SELECT MAX(id) FROM trip_stop_time), 1), true);
SELECT setval('client_id_seq', COALESCE((SELECT MAX(id) FROM client), 1), true);
SELECT setval('orders_id_seq', COALESCE((SELECT MAX(id) FROM orders), 1), true);
